Module,score,question_total,prop_0,prop_1,prop_2,prop_3
PSET 4,1.5,21.0,0.14285714285714285,0.21428571428571427,0.6428571428571429,0.0
Project 1,1.0588235294117647,18.0,0.4117647058823529,0.17647058823529413,0.35294117647058826,0.058823529411764705
PSET 7,1.4545454545454546,16.0,0.18181818181818182,0.2727272727272727,0.45454545454545453,0.09090909090909091
PSET 5,1.75,14.0,0.25,0.25,0.0,0.5
PSET 10,1.3333333333333333,12.0,0.1111111111111111,0.4444444444444444,0.4444444444444444,0.0